column,count,mean,std,min,25%,50%,75%,max,missing,missing_rate
year,8.0,2019.5,2.449489742783178,2016.0,2017.75,2019.5,2021.25,2023.0,0,0.0
population,8.0,110.75,7.245688373094719,100.0,106.0,111.0,115.75,121.0,0,0.0
gdp_index,8.0,90.5125,5.593475152864656,82.1,87.35,89.85,94.375,99.0,0,0.0
energy_use,8.0,48.925,2.5772355067286457,45.2,47.325,48.55,50.550000000000004,53.0,0,0.0
